Age,Annual Salary,Previous Purchase,Purchase
56,81228,1,0
69,134752,1,0
46,68984,1,0
32,60774,0,0
60,22568,1,0
25,140151,1,0
38,82592,0,0
56,87563,1,0
36,22695,0,0
40,144375,0,0
28,68190,1,0
28,25258,0,0
41,107538,0,0
53,59504,0,0
57,53159,0,0
41,33986,1,0
20,81858,0,0
39,149312,1,0
19,32666,0,0
41,58660,0,0
61,23561,0,0
47,46854,0,0
55,84505,1,0
19,124488,1,0
38,72251,0,0
50,42662,0,0
29,28392,1,0
39,50535,0,0
61,98603,0,0
42,133569,0,0
66,72256,1,0
44,109135,1,0
59,147478,1,0
45,55222,0,0
33,97373,0,0
32,99575,1,0
64,143684,1,0
68,116354,1,0
61,104651,1,0
69,83335,0,0
20,30965,1,0
54,44538,0,0
68,128066,1,0
24,90592,0,0
38,118018,1,0
26,133252,1,0
56,28110,1,0
35,99309,1,0
21,47266,0,0
42,72992,1,0
31,102948,0,0
67,142073,0,0
26,118806,0,0
43,26910,0,0
19,130989,1,0
37,110982,0,0
45,141626,0,0
64,139176,0,0
24,20206,1,0
61,107054,1,0
25,107897,1,0
64,142409,1,0
52,43419,0,0
31,70636,0,0
34,142546,1,0
53,134238,0,0
67,70015,0,0
57,137478,0,0
21,142096,1,0
19,127059,1,0
23,74268,0,0
59,130687,1,1
21,107939,1,0
46,38141,1,0
35,100356,1,0
43,125878,1,0
61,91910,0,0
51,76044,1,0
27,87214,0,0
53,137930,0,0
31,139324,1,0
48,53827,0,0
65,75820,0,0
32,82623,0,0
25,101734,1,0
31,95450,1,0
40,113426,0,0
57,137845,1,0
38,42299,1,0
33,63585,1,0
62,129225,1,0
35,84044,0,0
64,62557,0,0
41,69080,1,0
43,129556,1,0
42,22693,0,0
62,115003,0,0
58,115259,1,0
46,132235,0,0
32,89163,1,0
